href,kind,text,brand_catalog,store,store_name,price_before,price_after,category_path
https://smartstore.naver.com/nobletrio/products/9755601129,product,수능 모의고사답지 모의고사 준비 연습 OMR카드 오엠알,False,smartstore.naver.com/nobletrio,마켓 노트,2500,1750,생활/건강 > 수집품 > 게임 > 보드게임
https://smartstore.naver.com/nobletrio/products/9901382689,product,커플 러브 젠가 스티커 19금 29금 49금 연인 성인 보드 술게임 집들이선물,False,smartstore.naver.com/nobletrio,마켓 노트,15000,14900,생활/건강 > 수집품 > 게임 > 보드게임
https://smartstore.naver.com/nobletrio/products/10031871727,product,대만우산 돌잔치 답례품 양우산 각인 캡슐 uv차단 송년회 기념품 개업 웨딩 장례식 조문 회사 판촉물 8종,False,smartstore.naver.com/nobletrio,마켓 노트,11000,5800,생활/건강 > 수집품 > 게임 > 보드게임
https://smartstore.naver.com/nobletrio/products/11928257412,product,돌잔치답례품 고급 양우산 3단자동 각인 거꾸로우산 uv차단 생신 개업 조문 웨딩 회사 판촉물,False,smartstore.naver.com/nobletrio,마켓 노트,23000,10900,생활/건강 > 수집품 > 게임 > 보드게임
https://smartstore.naver.com/nobletrio/products/9392710398,product,비닐보양지 롤보양지 미색 1200m,False,smartstore.naver.com/nobletrio,마켓 노트,8000,2900,생활/건강 > 수집품 > 게임 > 보드게임
https://smartstore.naver.com/nobletrio/products/9701032878,product,방풍비닐쫄대 방충망 비닐 쫄대 150cm,False,smartstore.naver.com/nobletrio,마켓 노트,1200,900,생활/건강 > 수집품 > 게임 > 보드게임
https://smartstore.naver.com/nobletrio/products/10403554737,product,에어컨배관테이프 25M 냉동테이프 실외기 배관 수도 호스 매직보온 마감재,False,smartstore.naver.com/nobletrio,마켓 노트,5980,2400,생활/건강 > 수집품 > 게임 > 보드게임
https://smartstore.naver.com/nobletrio/products/9890988997,product,어르신한글공부 어르신 노인 한글 낱말 기초 쓰기 배우,False,smartstore.naver.com/nobletrio,마켓 노트,7000,3200,생활/건강 > 수집품 > 게임 > 보드게임
https://smartstore.naver.com/nobletrio/products/10692649859,product,책묶는끈 책노끈 노끈 빨강 포장 박스 국산 220M,False,smartstore.naver.com/nobletrio,마켓 노트,5000,2510,생활/건강 > 수집품 > 게임 > 보드게임
https://smartstore.naver.com/nobletrio/products/9590933984,product,아트론보온재 아티론 창틀 보온재 10t 배관 수도 보일러 파이프 15A,False,smartstore.naver.com/nobletrio,마켓 노트,32000,1460,생활/건강 > 수집품 > 게임 > 보드게임
https://smartstore.naver.com/nobletrio/products/10503678754,product,촌캉스룩 몸빼바지 할머니 엄마 꽃무늬 일바지,False,smartstore.naver.com/nobletrio,마켓 노트,13000,5460,생활/건강 > 수집품 > 게임 > 보드게임
https://smartstore.naver.com/nobletrio/products/9392741350,product,비닐보양지 보양재 롤보양지 주황색 1200mmx20,False,smartstore.naver.com/nobletrio,마켓 노트,5000,3200,생활/건강 > 수집품 > 게임 > 보드게임
https://smartstore.naver.com/nobletrio/products/9954526004,product,배드민턴리턴콕 셀프 배드민턴 혼자하는 혼자치는 부매랑 셔틀콕 천장 집에서 스윙 연습기 줄공,False,smartstore.naver.com/nobletrio,마켓 노트,5000,4600,생활/건강 > 수집품 > 게임 > 보드게임
https://smartstore.naver.com/nobletrio/products/9673492765,product,열반사단열재 컨테이너 외벽 현관문단열재 보일러실 벽우풍차단 10T 6T 5T 은박,False,smartstore.naver.com/nobletrio,마켓 노트,110000,16250,생활/건강 > 수집품 > 게임 > 보드게임
